UserScreenName,UserName,Timestamp,Text,Embedded_text,Emojis,Comments,Likes,Retweets,Image link,Tweet URL
Andrea Bosoni,@theandreboso,2020-01-30T13:16:33.000Z,Next time someone asks me how to grow an audience from scratch I‚Äôll just redirect him to this answer by ,"Next time someone asks me how to grow an audience from scratch I‚Äôll just redirect him to this answer by 
@dvassallo",üôå,1,31,181,['https://pbs.twimg.com/media/EPiC4-3WoAA3sPU?format=jpg&name=small'],https://twitter.com/theandreboso/status/1222871218589749250
Andrea Bosoni,@theandreboso,2020-01-26T14:22:59.000Z,Idea: every week I randomly pick one product made by some ,"Idea: every week I randomly pick one product made by some 
@IndieHackers
 and write 500-1000 words on how I‚Äôd grow it ",,55,21,501,[],https://twitter.com/theandreboso/status/1221438387464351746
Andrea Bosoni,@theandreboso,2020-08-28T11:53:59.000Z,I love working 12 hours a day on my online business so I can avoid the 9 to 5.,I love working 12 hours a day on my online business so I can avoid the 9 to 5.,,10,38,335,[],https://twitter.com/theandreboso/status/1299314282526576640
Andrea Bosoni,@theandreboso,2020-09-08T10:43:54.000Z,What marketing advice would you give to someone who‚Äôs just starting out?,What marketing advice would you give to someone who‚Äôs just starting out?,,107,49,251,[],https://twitter.com/theandreboso/status/1303282910716461056
Andrea Bosoni,@theandreboso,2020-09-15T11:10:46.000Z,Who wins between a good product with bad marketing and a bad product with good marketing?,Who wins between a good product with bad marketing and a bad product with good marketing?,,137,36,158,[],https://twitter.com/theandreboso/status/1305826386637197312
Andrea Bosoni,@theandreboso,2020-09-11T12:32:14.000Z,"Still too many founders don‚Äôt consider distribution and spend months building their new idea only to discover that if you build it they won‚Äôt come.

Challenge: open a dedicated social media account and try to get it to 100 followers before actually building anything.","Still too many founders don‚Äôt consider distribution and spend months building their new idea only to discover that if you build it they won‚Äôt come.

Challenge: open a dedicated social media account and try to get it to 100 followers before actually building anything.",,16,9,150,[],https://twitter.com/theandreboso/status/1304397339059261441
Andrea Bosoni,@theandreboso,2020-12-07T16:12:48.000Z,"No marketing budget? Start writing.

- If you write 250 words/day
- Every year you‚Äôll publish 50 posts
- If each post brings you 10 visits/day
- Every year you‚Äôll have 200k traffic
- If your traffic converts 1%/day
- Every year you‚Äôll get 2k customers","No marketing budget? Start writing.

- If you write 250 words/day
- Every year you‚Äôll publish 50 posts
- If each post brings you 10 visits/day
- Every year you‚Äôll have 200k traffic
- If your traffic converts 1%/day
- Every year you‚Äôll get 2k customers",,57,508,"2,483",[],https://twitter.com/theandreboso/status/1335980590898831361
Andrea Bosoni,@theandreboso,2020-12-14T16:29:34.000Z,10 lessons I‚Äôve learned working 10 years as a marketer.,10 lessons I‚Äôve learned working 10 years as a marketer.,,48,302,"1,250",[],https://twitter.com/theandreboso/status/1338521523301314561
Andrea Bosoni,@theandreboso,2020-12-25T16:12:07.000Z,Shoutout to everyone who can‚Äôt stop thinking about their side project ,Shoutout to everyone who can‚Äôt stop thinking about their side project ,üòÖ,13,7,209,[],https://twitter.com/theandreboso/status/1342503398965440513
Andrea Bosoni,@theandreboso,2021-01-21T15:17:37.000Z,I'd much rather have a lifestyle business that makes $10k/month and let me live my life on my own terms vs a startup that makes $100k/month and requires all of my attention.,I'd much rather have a lifestyle business that makes $10k/month and let me live my life on my own terms vs a startup that makes $100k/month and requires all of my attention.,,95,196,"1,702",[],https://twitter.com/theandreboso/status/1352274156184862722
Andrea Bosoni,@theandreboso,2021-01-02T16:18:27.000Z,"Last year I talked with more than 50 founders (SaaS, eCommerce, etc.).

Almost all of the most successful ones told me the same thing.

They wish they had started working on SEO sooner.","Last year I talked with more than 50 founders (SaaS, eCommerce, etc.).

Almost all of the most successful ones told me the same thing.

They wish they had started working on SEO sooner.",,9,18,155,[],https://twitter.com/theandreboso/status/1345404096686280713
Andrea Bosoni,@theandreboso,2021-02-10T14:32:29.000Z,"One year ago I had 100 Twitter followers and 0 email subscribers.

I challenged myself to make at least 1 tweet, 1 comment and 1 DM every single day for a year.

365 days later I have 3.7k followers and 2.4k subscribers.

Consistency is king.","One year ago I had 100 Twitter followers and 0 email subscribers.

I challenged myself to make at least 1 tweet, 1 comment and 1 DM every single day for a year.

365 days later I have 3.7k followers and 2.4k subscribers.

Consistency is king.",,36,39,642,[],https://twitter.com/theandreboso/status/1359510553216118789
Andrea Bosoni,@theandreboso,2021-02-21T10:59:15.000Z,"I don‚Äôt want to move fast and break things. I want to build a calm, profitable lifestyle business. I optimize for happiness.","I don‚Äôt want to move fast and break things. I want to build a calm, profitable lifestyle business. I optimize for happiness.",,9,25,244,[],https://twitter.com/theandreboso/status/1363443161654247424
Andrea Bosoni,@theandreboso,2021-02-23T10:56:55.000Z,Quick reminder that customers don‚Äôt give a f**k about what technology you use as long as you have a product that solves their problem.,Quick reminder that customers don‚Äôt give a f**k about what technology you use as long as you have a product that solves their problem.,,12,33,205,[],https://twitter.com/theandreboso/status/1364167349314719749
Andrea Bosoni,@theandreboso,2021-02-13T15:07:21.000Z,"Building an online business is freaking hard. 

Give yourself permission to take time off.","Building an online business is freaking hard. 

Give yourself permission to take time off.",,9,13,148,[],https://twitter.com/theandreboso/status/1360606492043395073
Andrea Bosoni,@theandreboso,2021-01-28T10:58:27.000Z,"Building in public is overrated because most of the time your audience isn't made of potential customers.

It‚Äôs a nice way to build relationships with other founders but it isn‚Äôt a silver bullet for growth.","Building in public is overrated because most of the time your audience isn't made of potential customers.

It‚Äôs a nice way to build relationships with other founders but it isn‚Äôt a silver bullet for growth.",,39,19,206,[],https://twitter.com/theandreboso/status/1354745648965423104
Andrea Bosoni,@theandreboso,2021-02-19T12:36:00.000Z,"How to get traffic (without getting lucky):

- Have a blog on your own domain
- Discover questions your potential customers might have

Then write. Write at least 250 words every single day to answer them.","How to get traffic (without getting lucky):

- Have a blog on your own domain
- Discover questions your potential customers might have

Then write. Write at least 250 words every single day to answer them.",,13,13,171,[],https://twitter.com/theandreboso/status/1362742732662460417
Marketing Max,@MarketingMax,2021-03-02T00:07:01.000Z,"Marketing hack: over simplify things for your audience

Bad marketers think the general public loves details","Marketing hack: over simplify things for your audience

Bad marketers think the general public loves details",,41,211,"1,049",[],https://twitter.com/MarketingMax/status/1366540510970728450
Andrea Bosoni,@theandreboso,2021-03-13T13:45:26.000Z,Twitter becomes 10x better when you stop trying to build an audience and start trying to build relationships.,Twitter becomes 10x better when you stop trying to build an audience and start trying to build relationships.,,37,100,743,[],https://twitter.com/theandreboso/status/1370732740459528196
Andrea Bosoni,@theandreboso,2021-02-28T18:14:03.000Z,Sunday afternoon is when you understand if you really like your job.,Sunday afternoon is when you understand if you really like your job.,,7,31,294,[],https://twitter.com/theandreboso/status/1366089297036795906
Marketing Max,@MarketingMax,2021-03-18T15:40:54.000Z,Everything you want in life can be achieved by becoming a better storyteller,Everything you want in life can be achieved by becoming a better storyteller,,20,38,252,[],https://twitter.com/MarketingMax/status/1372573736096923648
Andrea Bosoni,@theandreboso,2021-03-11T19:57:16.000Z,"A basic framework I use to understand what to prioritize in a marketing strategy:

- Pre-existing demand? Search
- No pre-existing demand? Social
- More time than money? Content
- More money than time? Ads","A basic framework I use to understand what to prioritize in a marketing strategy:

- Pre-existing demand? Search
- No pre-existing demand? Social
- More time than money? Content
- More money than time? Ads",,7,48,253,[],https://twitter.com/theandreboso/status/1370101537893146627
Andrea Bosoni,@theandreboso,2021-03-16T11:31:37.000Z,"Last week I got a link from Ahrefs (domain authority 90). Huge SEO win!

But it didn‚Äôt just happen. I had to make it happen.

Here‚Äôs how I did it.","Last week I got a link from Ahrefs (domain authority 90). Huge SEO win!

But it didn‚Äôt just happen. I had to make it happen.

Here‚Äôs how I did it.",,8,14,144,[],https://twitter.com/theandreboso/status/1371786227297452032
Marketing Max,@MarketingMax,2021-03-23T18:41:14.000Z,Bad marketers think marketing can be completely ‚Äúautomated‚Äù,Bad marketers think marketing can be completely ‚Äúautomated‚Äù,,15,16,139,[],https://twitter.com/MarketingMax/status/1374431056833572865
Andrea Bosoni,@theandreboso,2021-03-20T20:40:57.000Z,It's so frustrating when you do something cool online but you can't tell your real life friends because they wouldn't understand...,It's so frustrating when you do something cool online but you can't tell your real life friends because they wouldn't understand...,,22,16,222,[],https://twitter.com/theandreboso/status/1373374019894964231
Andrea Bosoni,@theandreboso,2021-04-02T10:26:45.000Z,Love this ad ,Love this ad ,üòÇ,37,409,"2,413",['https://pbs.twimg.com/media/Ex9kepTWgAIfntN?format=jpg&name=small'],https://twitter.com/theandreboso/status/1377930494323654657
Andrea Bosoni,@theandreboso,2021-03-30T14:30:58.000Z,"It‚Äôs hard to find good marketing stuff online. There‚Äôs a lot of noise.

Here are 5 of my favorite resources ","It‚Äôs hard to find good marketing stuff online. There‚Äôs a lot of noise.

Here are 5 of my favorite resources ",üëá,44,234,"1,189",[],https://twitter.com/theandreboso/status/1376904793017483266
Andrea Bosoni,@theandreboso,2021-04-15T12:39:18.000Z,Can we just ban the term growth hack forever please.,Can we just ban the term growth hack forever please.,,47,28,315,[],https://twitter.com/theandreboso/status/1382674895679721474
Andrea Bosoni,@theandreboso,2021-04-05T15:19:54.000Z,"The best landing pages I‚Äôve seen:

- Use customers‚Äô words in their copy
- Focus on only one offer
- Explain the product above the fold
- Anticipate and counter objections
- Try to be clear instead of clever

Simple, but not easy.","The best landing pages I‚Äôve seen:

- Use customers‚Äô words in their copy
- Focus on only one offer
- Explain the product above the fold
- Anticipate and counter objections
- Try to be clear instead of clever

Simple, but not easy.",,12,43,293,[],https://twitter.com/theandreboso/status/1379091432963780610
Andrea Bosoni,@theandreboso,2021-04-01T10:26:44.000Z,I sold Zero to Marketing! ,"I sold Zero to Marketing! 

Got a generous six-figure offer from a US-based MarTech company... Had to take it!

It‚Äôs been quite a journey. Thank you everyone for your support!",ü•≥,54,9,515,[],https://twitter.com/theandreboso/status/1377568103031312387
Andrea Bosoni,@theandreboso,2021-04-24T13:52:57.000Z,Newsletters are usually more interesting than blogs because they‚Äôre written for humans and not for algorithms.,Newsletters are usually more interesting than blogs because they‚Äôre written for humans and not for algorithms.,,13,20,200,[],https://twitter.com/theandreboso/status/1385954920675913730
Andrea Bosoni,@theandreboso,2021-04-10T12:06:44.000Z,"Fix your funnel before driving more traffic.

I use double opt-in and had a lot of pending subscribers.

I added ‚ÄúImportant‚Äù to my confirmation email subject line.

That word alone improved my list growth rate by 30% ","Fix your funnel before driving more traffic.

I use double opt-in and had a lot of pending subscribers.

I added ‚ÄúImportant‚Äù to my confirmation email subject line.

That word alone improved my list growth rate by 30% ",ü§Ø,14,13,184,[],https://twitter.com/theandreboso/status/1380854759356256262
Andrea Bosoni,@theandreboso,2021-04-22T09:57:11.000Z,"Thanks to Zero to Marketing I‚Äôve got more unsolicited job offers this year than in the last 10 years combined.

Put yourself out there more!","Thanks to Zero to Marketing I‚Äôve got more unsolicited job offers this year than in the last 10 years combined.

Put yourself out there more!",,11,7,178,[],https://twitter.com/theandreboso/status/1385170813276545027
Sakshi Shukla (she/her),@thesakshishukla,2021-05-10T03:53:00.000Z,"Don't be the smartest person in the room, be the most curious.","Don't be the smartest person in the room, be the most curious.",,24,43,402,[],https://twitter.com/thesakshishukla/status/1391602142822027264
Andrea Bosoni,@theandreboso,2021-05-05T15:24:14.000Z,The best way to get traffic when you have a $0 marketing budget,The best way to get traffic when you have a $0 marketing budget,üëá,24,57,274,[],https://twitter.com/theandreboso/status/1389964160432214017
Andrea Bosoni,@theandreboso,2021-04-28T09:07:44.000Z,Google can penalize your website. Twitter can close your account. Own your audience. Build an email list.,Google can penalize your website. Twitter can close your account. Own your audience. Build an email list.,,23,34,259,[],https://twitter.com/theandreboso/status/1387332696511324161
Andrea Bosoni,@theandreboso,2021-05-18T09:29:50.000Z,"This benefits over features thing has gone too far.

Now I open 90% of the websites and I can‚Äôt even understand what‚Äôs the product.","This benefits over features thing has gone too far.

Now I open 90% of the websites and I can‚Äôt even understand what‚Äôs the product.",,41,25,372,[],https://twitter.com/theandreboso/status/1394586012119093249
Andrea Bosoni,@theandreboso,2021-05-13T11:08:48.000Z,"One of the reasons I left my corporate job was because I couldn‚Äôt choose where, how and when to work.

Companies need to realize that by forcing employees to return to the office they‚Äôll lose talent.","One of the reasons I left my corporate job was because I couldn‚Äôt choose where, how and when to work.

Companies need to realize that by forcing employees to return to the office they‚Äôll lose talent.",,17,24,153,[],https://twitter.com/theandreboso/status/1392798980677980162
Andrea Bosoni,@theandreboso,2021-04-30T14:53:14.000Z,These ‚ÄúHow I made $$$ in one day/week/month‚Äù posts would be so much better if they also mentioned all the years spent trying and failing.,These ‚ÄúHow I made $$$ in one day/week/month‚Äù posts would be so much better if they also mentioned all the years spent trying and failing.,,18,28,244,[],https://twitter.com/theandreboso/status/1388144419883393027
Andrea Bosoni,@theandreboso,2021-05-20T14:35:04.000Z,Happy to announce you can now read all the past Zero to Marketing case studies! ,"Happy to announce you can now read all the past Zero to Marketing case studies! 

In case you don‚Äôt know, every two weeks I pick a website and write a short case study explaining exactly how I‚Äôd grow it.

There‚Äôs more than 50!
zerotomarketing.com
Zero to Marketing
Short case studies that help you get better at marketing",ü•≥,13,24,183,['https://pbs.twimg.com/card_img/1525920613499641858/L3Qqd85d?format=jpg&name=small'],https://twitter.com/theandreboso/status/1395387603751510016
Marketing Max,@MarketingMax,2021-05-24T13:36:44.000Z,Top marketers to follow this week ,"Top marketers to follow this week 

B2B - 
@davegerhardt
 
Ads - 
@social_savannah
 
Content - 
@TheCoolestCool
 
Examples - 
@GoodMarketingHQ
 
Audience - 
@mkhundmiri
 
Ops - 
@Dmurr68
 
Strategy - 
@CardozaGab
LinkedIn - 
@linkedin_king
 
SEO - 
@ctwtn",,11,20,161,[],https://twitter.com/MarketingMax/status/1396822473379827716
Andrea Bosoni,@theandreboso,2021-06-11T11:28:40.000Z,"I analyzed thousands of websites to understand what made them successful.

Here‚Äôs what I learned:

It depends.","I analyzed thousands of websites to understand what made them successful.

Here‚Äôs what I learned:

It depends.",,37,52,532,[],https://twitter.com/theandreboso/status/1403313227170205697
Andrea Bosoni,@theandreboso,2021-06-13T11:43:46.000Z,"LinkedIn is what you say you do.

Twitter is what you actually do.","LinkedIn is what you say you do.

Twitter is what you actually do.",,11,21,217,[],https://twitter.com/theandreboso/status/1404041804505309184
Andrea Bosoni,@theandreboso,2021-06-10T10:48:23.000Z,Poor positioning kills more startups than lack of traffic.,Poor positioning kills more startups than lack of traffic.,,17,19,207,[],https://twitter.com/theandreboso/status/1402940701789274118
Andrea Bosoni,@theandreboso,2021-06-15T15:07:02.000Z,"Everyone can build an audience.

I got to 7k followers and 4k subscribers by writing 1 single tweet every day for 1 year in my spare time.

Consistency is the real growth hack.","Everyone can build an audience.

I got to 7k followers and 4k subscribers by writing 1 single tweet every day for 1 year in my spare time.

Consistency is the real growth hack.",,33,29,572,[],https://twitter.com/theandreboso/status/1404817735239016448
Andrea Bosoni,@theandreboso,2021-06-12T13:25:17.000Z,"Don‚Äôt quit your job to launch something online. The pressure to make it work will crush you.

Launch small side projects instead. Quit your job when one of them starts getting traction.","Don‚Äôt quit your job to launch something online. The pressure to make it work will crush you.

Launch small side projects instead. Quit your job when one of them starts getting traction.",,22,28,202,[],https://twitter.com/theandreboso/status/1403704961712758791
Andrea Bosoni,@theandreboso,2021-06-08T12:44:38.000Z,"How to build an audience:

- Write 1 tweet every day
- Write 1 post every week
- Collect email addresses

Stick to it for one year.","How to build an audience:

- Write 1 tweet every day
- Write 1 post every week
- Collect email addresses

Stick to it for one year.",,10,17,194,[],https://twitter.com/theandreboso/status/1402245181731217408
Sakshi Shukla (she/her),@thesakshishukla,2021-06-09T09:23:02.000Z,CEO of buying news books and never reading them. ,CEO of buying news books and never reading them. ,,49,13,269,[],https://twitter.com/thesakshishukla/status/1402556834724990978
Andrea Bosoni,@theandreboso,2021-06-19T16:44:05.000Z,"When I started working for myself I burned out. Multiple times.

Eventually I found a balance.

How? Embracing the fact that you‚Äôll inevitably think about your projects day and night.","When I started working for myself I burned out. Multiple times.

Eventually I found a balance.

How? Embracing the fact that you‚Äôll inevitably think about your projects day and night.",,22,23,210,[],https://twitter.com/theandreboso/status/1406291707340242946
Andrea Bosoni,@theandreboso,2021-06-22T19:17:50.000Z,You'll learn more from launching a small side project than reading another marketing thread.,You'll learn more from launching a small side project than reading another marketing thread.,,12,12,174,[],https://twitter.com/theandreboso/status/1407417564402233344
Andrea Bosoni,@theandreboso,2021-06-03T13:33:42.000Z,Idea: I write a 1-hour crash course to create a simple marketing strategy for your website and sell it for $49.,Idea: I write a 1-hour crash course to create a simple marketing strategy for your website and sell it for $49.,,22,3,132,[],https://twitter.com/theandreboso/status/1400445590572388358
Sakshi Shukla (she/her),@thesakshishukla,2021-06-28T15:13:37.000Z,Startup idea: Tinder but for people who need a travel partner.,Startup idea: Tinder but for people who need a travel partner.,,631,"1,635",11.8K,[],https://twitter.com/thesakshishukla/status/1409530430718582793
Sakshi Shukla (she/her),@thesakshishukla,2021-07-17T09:47:17.000Z,"There is nothing as elegant as physics. I repeat, nothing.","There is nothing as elegant as physics. I repeat, nothing.",,187,401,"3,241",[],https://twitter.com/thesakshishukla/status/1416333678787977216
Sakshi Shukla (she/her),@thesakshishukla,2021-07-19T11:32:58.000Z,"If you're in marketing, learn writing. Thank me later.","If you're in marketing, learn writing. Thank me later.",,74,192,"1,625",[],https://twitter.com/thesakshishukla/status/1417085047128031244
Sakshi Shukla (she/her),@thesakshishukla,2021-07-04T08:14:59.000Z,Startup idea: Tinder but for people looking for mentors.,Startup idea: Tinder but for people looking for mentors.,,108,253,"1,887",[],https://twitter.com/thesakshishukla/status/1411599406009253888
Sakshi Shukla (she/her),@thesakshishukla,2021-07-16T08:01:13.000Z,"If you're not a team player, a startup is not for you.","If you're not a team player, a startup is not for you.",,36,88,866,[],https://twitter.com/thesakshishukla/status/1415944595758751744
Sakshi Shukla (she/her),@thesakshishukla,2021-07-21T09:04:15.000Z,"Community-based growth is the best form of growth. 

Be it for a startup or an individual.","Community-based growth is the best form of growth. 

Be it for a startup or an individual.",,24,53,471,[],https://twitter.com/thesakshishukla/status/1417772399907393536
Sakshi Shukla (she/her),@thesakshishukla,2021-07-21T13:33:01.000Z,Anybody else tired of the phrase 'personal branding' or it just me?,Anybody else tired of the phrase 'personal branding' or it just me?,,58,22,348,[],https://twitter.com/thesakshishukla/status/1417840035345231879
Andrea Bosoni,@theandreboso,2021-07-09T10:06:48.000Z,It‚Äôs called keyword research but it should be called search intent research.,It‚Äôs called keyword research but it should be called search intent research.,,15,34,203,[],https://twitter.com/theandreboso/status/1413439485480603650
Andrea Bosoni,@theandreboso,2021-06-25T07:05:30.000Z,I just launched Zero to Marketing on Product Hunt ,"I just launched Zero to Marketing on Product Hunt 

In case you don‚Äôt know, every two weeks I pick a website and write a short case study explaining exactly how I‚Äôd grow it.

I‚Äôd really appreciate your support!
producthunt.com
Zero to Marketing - Short case studies that help you get better at marketing | Product Hunt
Every two weeks I pick a website and write a short case study explaining exactly how I‚Äôd grow it",ü•≥,51,55,430,['https://pbs.twimg.com/card_img/1525908675386277888/TRL0H5dN?format=jpg&name=small'],https://twitter.com/theandreboso/status/1408320431371730945
Sakshi Shukla (she/her),@thesakshishukla,2021-07-12T12:30:14.000Z,"why do dad's come to our room, sit for 15 minutes and then just leave...like whaaaat?","why do dad's come to our room, sit for 15 minutes and then just leave...like whaaaat?",,61,32,443,[],https://twitter.com/thesakshishukla/status/1414562747488997381
Sakshi Shukla (she/her),@thesakshishukla,2021-07-01T07:15:14.000Z,I would pay someone to manage my DMs. ,I would pay someone to manage my DMs. ,üòÖ,133,14,438,[],https://twitter.com/thesakshishukla/status/1410497206914748419
Sakshi Shukla (she/her),@thesakshishukla,2021-06-28T06:13:51.000Z,"Social media can give you 3 things ‚Äî

1) A community who will stand by you through everything. 

2) Immense learning

3) Unbelievable career opportunities

Are you still here ""just for fun""?","Social media can give you 3 things ‚Äî

1) A community who will stand by you through everything. 

2) Immense learning

3) Unbelievable career opportunities

Are you still here ""just for fun""?",,21,38,370,[],https://twitter.com/thesakshishukla/status/1409394596237299715
Andrea Bosoni,@theandreboso,2021-07-05T11:16:05.000Z,"I have a theory that building a brand also helps your SEO.

Getting searches for [brand name + keyword] might signal to Google that you‚Äôre an authority on that topic.

And with time it could help you rank better for [keyword].","I have a theory that building a brand also helps your SEO.

Getting searches for [brand name + keyword] might signal to Google that you‚Äôre an authority on that topic.

And with time it could help you rank better for [keyword].",,30,32,201,[],https://twitter.com/theandreboso/status/1412007369303904257
Sakshi Shukla (she/her),@thesakshishukla,2021-06-26T17:11:18.000Z,I am an extrovert and yet a very private person. Does that make sense? ,I am an extrovert and yet a very private person. Does that make sense? ,,97,27,439,[],https://twitter.com/thesakshishukla/status/1408835274176483336
Sakshi Shukla (she/her),@thesakshishukla,2021-07-17T08:30:32.000Z,"Quick Question: Do you prefer an online course or YouTube, Google and others to learn something new?","Quick Question: Do you prefer an online course or YouTube, Google and others to learn something new?",,113,28,459,[],https://twitter.com/thesakshishukla/status/1416314361463721989
Andrea Bosoni,@theandreboso,2021-06-26T14:00:41.000Z,"My Product Hunt launch went well! So far:

- Won product of the day ","My Product Hunt launch went well! So far:

- Won product of the day 
- 650+ upvotes & 150+ comments
- 650+ email subscribers
- 200+ Twitter followers 

Here‚Äôs what happened behind the scenes.",ü•á,23,17,360,[],https://twitter.com/theandreboso/status/1408787303980572673
Andrea Bosoni,@theandreboso,2021-07-23T10:07:12.000Z,Viral tweets are overrated and attract low quality followers.,Viral tweets are overrated and attract low quality followers.,,26,5,142,[],https://twitter.com/theandreboso/status/1418513016887336965
Andrea Bosoni,@theandreboso,2021-07-01T14:32:03.000Z,Zero to Marketing passed 5k subscribers! ,Zero to Marketing passed 5k subscribers! ,ü•≥,28,2,176,[],https://twitter.com/theandreboso/status/1410607137215041536
Andrea Bosoni,@theandreboso,2021-08-16T10:09:55.000Z,"StartUp is a really good TV series but when it came out in 2016 not many people watched it.

5 years later Netflix adds it to its library and it becomes a huge success.

Perfect example of how distribution is at least as important as having a great product.","StartUp is a really good TV series but when it came out in 2016 not many people watched it.

5 years later Netflix adds it to its library and it becomes a huge success.

Perfect example of how distribution is at least as important as having a great product.",,55,409,"1,632",[],https://twitter.com/theandreboso/status/1427211007957606400
Andrea Bosoni,@theandreboso,2021-07-29T14:33:11.000Z,"It will never be perfect, just launch it.","It will never be perfect, just launch it.",,40,118,641,[],https://twitter.com/theandreboso/status/1420754281427181576
Sakshi Shukla (she/her),@thesakshishukla,2021-08-09T15:07:06.000Z,"Emotions drive everything. If you're in marketing, learn to make people feel something.","Emotions drive everything. If you're in marketing, learn to make people feel something.",,29,102,714,[],https://twitter.com/thesakshishukla/status/1424749084145975306
Sakshi Shukla (she/her),@thesakshishukla,2021-08-16T06:33:34.000Z,Content marketing requires you to step into your audience's shoes. You cannot market unless you understand what the other side needs.,Content marketing requires you to step into your audience's shoes. You cannot market unless you understand what the other side needs.,,25,94,501,[],https://twitter.com/thesakshishukla/status/1427156561407856640
Sakshi Shukla (she/her),@thesakshishukla,2021-08-09T07:07:22.000Z,Resilience is a startup's most powerful asset. ,Resilience is a startup's most powerful asset. ,üí™,22,34,368,[],https://twitter.com/thesakshishukla/status/1424628352749428736
Andrea Bosoni,@theandreboso,2021-08-02T11:45:43.000Z,"How you buy stuff: visit the website, google the brand, ignore it for a few days, check their social, visit the website again, ignore it for a week, check a competitor, watch a YouTube review, buy.

How you expect people to buy stuff from you: drive traffic, get conversions.","How you buy stuff: visit the website, google the brand, ignore it for a few days, check their social, visit the website again, ignore it for a week, check a competitor, watch a YouTube review, buy.

How you expect people to buy stuff from you: drive traffic, get conversions.",,21,127,578,[],https://twitter.com/theandreboso/status/1422161686799212549
Sakshi Shukla (she/her),@thesakshishukla,2021-07-27T09:20:30.000Z,"Unpopular opinion:

Growth curve: Freelancing > Startup > Regular Job","Unpopular opinion:

Growth curve: Freelancing > Startup > Regular Job",,20,43,522,[],https://twitter.com/thesakshishukla/status/1419950815586885632
Sakshi Shukla (she/her),@thesakshishukla,2021-07-27T03:09:48.000Z,"Community is currently the biggest asset for a startup. 

When people feel that they're a part of a movement, they advocate it. 

It's that simple.","Community is currently the biggest asset for a startup. 

When people feel that they're a part of a movement, they advocate it. 

It's that simple.",,14,56,408,[],https://twitter.com/thesakshishukla/status/1419857523872440334
Andrea Bosoni,@theandreboso,2021-08-08T10:20:08.000Z,"Last year the cost of running ads increased by almost 100%.

There‚Äôs never been a better time to invest in content marketing.","Last year the cost of running ads increased by almost 100%.

There‚Äôs never been a better time to invest in content marketing.",,25,83,433,[],https://twitter.com/theandreboso/status/1424314479018496005
Sakshi Shukla (she/her),@thesakshishukla,2021-08-12T04:30:02.000Z,"10 months ago, I earned my first dollar on the internet. Today, I earn in figures I never imagined. 

Here's how I made it happen and you can too : ) 

A simple thread. ","10 months ago, I earned my first dollar on the internet. Today, I earn in figures I never imagined. 

Here's how I made it happen and you can too : ) 

A simple thread. ",üßµ,41,120,872,[],https://twitter.com/thesakshishukla/status/1425675921034338306
Andrea Bosoni,@theandreboso,2021-08-13T10:08:27.000Z,"You think building an online business is hard?

Try doing it in a different language.

Shoutout to all the non-native English speakers ","You think building an online business is hard?

Try doing it in a different language.

Shoutout to all the non-native English speakers ",üëä,37,25,464,[],https://twitter.com/theandreboso/status/1426123476092473346
Sakshi Shukla (she/her),@thesakshishukla,2021-08-04T06:29:16.000Z,The effects of content marketing compound over time. It's a slow but a 'worth it' process.,The effects of content marketing compound over time. It's a slow but a 'worth it' process.,,18,17,234,[],https://twitter.com/thesakshishukla/status/1422806824428863490
Andrea Bosoni,@theandreboso,2021-08-21T09:47:21.000Z,If you‚Äôre a solo founder struggling with marketing start writing 200 words every day and after 1 year your blog will have 50-75 posts.,If you‚Äôre a solo founder struggling with marketing start writing 200 words every day and after 1 year your blog will have 50-75 posts.,,22,34,339,[],https://twitter.com/theandreboso/status/1429017270639022091
Andrea Bosoni,@theandreboso,2021-07-30T12:11:54.000Z,"Your landing page isn‚Äôt converting as well as it should.

Most of the time that‚Äôs because your copy sucks.

But there‚Äôs a simple formula you can try: problem, agitate, solve.

(See what I did here?)","Your landing page isn‚Äôt converting as well as it should.

Most of the time that‚Äôs because your copy sucks.

But there‚Äôs a simple formula you can try: problem, agitate, solve.

(See what I did here?)",,15,15,173,[],https://twitter.com/theandreboso/status/1421081112433004546
Sakshi Shukla (she/her),@thesakshishukla,2021-09-20T17:53:25.000Z,The best skin care product is a man who makes you smile and supports you :),The best skin care product is a man who makes you smile and supports you :),,52,"1,142","2,644",[],https://twitter.com/thesakshishukla/status/1440011227405578243
Sakshi Shukla (she/her),@thesakshishukla,2021-09-21T04:51:04.000Z,"Marketing brings customers, branding brings fans.","Marketing brings customers, branding brings fans.",,51,362,"1,581",[],https://twitter.com/thesakshishukla/status/1440176729243324424
Sakshi Shukla (she/her),@thesakshishukla,2021-09-18T14:32:17.000Z,"To succeed in marketing, you need to be obsessed with your customer, not your product.","To succeed in marketing, you need to be obsessed with your customer, not your product.",,89,498,"2,612",[],https://twitter.com/thesakshishukla/status/1439235834427822084
Sakshi Shukla (she/her),@thesakshishukla,2021-09-12T16:58:03.000Z,"If you're in marketing, learn storytelling. Thank me later.","If you're in marketing, learn storytelling. Thank me later.",,99,287,"2,289",[],https://twitter.com/thesakshishukla/status/1437098189635547139
Sakshi Shukla (she/her),@thesakshishukla,2021-09-01T14:26:41.000Z,"If you can post a tweet welcoming Ronaldo home, you can post a tweet in support of your friend's small business.","If you can post a tweet welcoming Ronaldo home, you can post a tweet in support of your friend's small business.",,42,175,"1,137",[],https://twitter.com/thesakshishukla/status/1433073832026263553
Andrea Bosoni,@theandreboso,2021-08-31T10:37:28.000Z,"In your 20s you want to build a startup to become rich.

In your 30s you want to build a lifestyle business to become free.","In your 20s you want to build a startup to become rich.

In your 30s you want to build a lifestyle business to become free.",,57,180,"1,391",[],https://twitter.com/theandreboso/status/1432653760753504257
Sakshi Shukla (she/her),@thesakshishukla,2021-09-11T19:28:40.000Z,No online education can beat experiential learning and wisdom. Fight me.,No online education can beat experiential learning and wisdom. Fight me.,,57,145,"1,183",[],https://twitter.com/thesakshishukla/status/1436773708958339074
Andrea Bosoni,@theandreboso,2021-09-05T11:35:08.000Z,"I always tell founders to start creating content 6 months before their launch.

I‚Äôve never heard anyone say I wish I hadn‚Äôt started marketing so early.","I always tell founders to start creating content 6 months before their launch.

I‚Äôve never heard anyone say I wish I hadn‚Äôt started marketing so early.",,31,150,"1,048",[],https://twitter.com/theandreboso/status/1434480212239130625
Andrea Bosoni,@theandreboso,2021-09-08T10:22:13.000Z,If you think you need to be a tech genius to make money online remember that there‚Äôs a guy making $25k/month selling chocolate dicks.,If you think you need to be a tech genius to make money online remember that there‚Äôs a guy making $25k/month selling chocolate dicks.,,51,56,464,['https://pbs.twimg.com/media/E-wYOrKX0AQeXbq?format=jpg&name=small'],https://twitter.com/theandreboso/status/1435549025353220096
Sakshi Shukla (she/her),@thesakshishukla,2021-09-11T15:55:06.000Z,"Someday, I'll study physics at Oxford. Someday.","Someday, I'll study physics at Oxford. Someday.",,133,68,"1,556",[],https://twitter.com/thesakshishukla/status/1436719960244375552
Sakshi Shukla (she/her),@thesakshishukla,2021-09-22T05:30:01.000Z,I went down a ,"I went down a 
@naval
 rabbit hole and dug up some gems for you.

Here are 15 timeless lessons on purpose, productivity, happiness, success and wealth. 

A thread. ",üßµ,51,574,"2,563",[],https://twitter.com/thesakshishukla/status/1440548922678648841
Sakshi Shukla (she/her),@thesakshishukla,2021-09-06T12:56:55.000Z,Startup idea: Social media but without the bullying and trolling.,Startup idea: Social media but without the bullying and trolling.,,89,42,607,[],https://twitter.com/thesakshishukla/status/1434863182368047105
Sakshi Shukla (she/her),@thesakshishukla,2021-09-15T07:28:51.000Z,Shitposting is not social media marketing. Period.,Shitposting is not social media marketing. Period.,,42,30,430,[],https://twitter.com/thesakshishukla/status/1438042110658183173
Andrea Bosoni,@theandreboso,2021-09-12T11:59:22.000Z,Bad positioning kills more startups than the lack of traffic.,Bad positioning kills more startups than the lack of traffic.,,25,47,428,[],https://twitter.com/theandreboso/status/1437023024985878529
Andrea Bosoni,@theandreboso,2021-08-28T09:28:50.000Z,Maybe I‚Äôm old and I don‚Äôt get it but to me this NFT thing looks like 1% art and 99% get rich quick.,Maybe I‚Äôm old and I don‚Äôt get it but to me this NFT thing looks like 1% art and 99% get rich quick.,,48,30,471,[],https://twitter.com/theandreboso/status/1431549325952364549
Sakshi Shukla (she/her),@thesakshishukla,2021-09-20T07:46:51.000Z,Can we please make it easy for men to talk about their mental health?,Can we please make it easy for men to talk about their mental health?,,34,47,478,[],https://twitter.com/thesakshishukla/status/1439858582263009284
Andrea Bosoni,@theandreboso,2021-09-15T11:21:34.000Z,"Marketing is all about delayed gratification.

Fall in love with the process, not the outcome.","Marketing is all about delayed gratification.

Fall in love with the process, not the outcome.",,22,65,379,[],https://twitter.com/theandreboso/status/1438100676068925442
Sakshi Shukla (she/her),@thesakshishukla,2021-09-08T13:35:01.000Z,"How to grow on literally any social media platform !!!!!!

A golden thread ","How to grow on literally any social media platform !!!!!!

A golden thread  (Bookmark this alreadyyy)",üßµ,20,67,260,[],https://twitter.com/thesakshishukla/status/1435597545204449284
Andrea Bosoni,@theandreboso,2021-08-30T12:38:49.000Z,I might be biased but if you‚Äôre a founder getting better at marketing should probably be your number one priority.,I might be biased but if you‚Äôre a founder getting better at marketing should probably be your number one priority.,,17,32,315,[],https://twitter.com/theandreboso/status/1432321910738767876
Andrea Bosoni,@theandreboso,2021-09-02T10:12:24.000Z,"Every founder should be able to communicate their value proposition in no more than 5 words.

It‚Äôs a great exercise.

For example mine for Zero to Marketing is ‚Äúlearn marketing from case studies‚Äù.","Every founder should be able to communicate their value proposition in no more than 5 words.

It‚Äôs a great exercise.

For example mine for Zero to Marketing is ‚Äúlearn marketing from case studies‚Äù.",,42,39,265,[],https://twitter.com/theandreboso/status/1433372228180221960
Andrea Bosoni,@theandreboso,2021-09-22T10:08:04.000Z,"How to build a mini traffic machine as a solo founder:

- Write one article every week (SEO)
- Repurpose it as a thread (social)
- Send it to your list (email)
- Post it in relevant communities (referrals)

Create once, distribute everywhere.","How to build a mini traffic machine as a solo founder:

- Write one article every week (SEO)
- Repurpose it as a thread (social)
- Send it to your list (email)
- Post it in relevant communities (referrals)

Create once, distribute everywhere.",,35,142,972,[],https://twitter.com/theandreboso/status/1440618895019184133
Andrea Bosoni,@theandreboso,2021-09-10T13:15:00.000Z,"Building a successful online business requires a lot of time.

It‚Äôs not uncommon to spend 5 or more years trying and failing before coming up with something that works.

Don‚Äôt believe the quit your job - launch a startup - make money hype.","Building a successful online business requires a lot of time.

It‚Äôs not uncommon to spend 5 or more years trying and failing before coming up with something that works.

Don‚Äôt believe the quit your job - launch a startup - make money hype.",,21,29,235,[],https://twitter.com/theandreboso/status/1436317284574900252
Andrea Bosoni,@theandreboso,2021-09-13T09:47:57.000Z,I passed 10k followers and it‚Äôs time to celebrate ,"I passed 10k followers and it‚Äôs time to celebrate 

In case you don‚Äôt know, every two weeks I pick a website and write a short case study explaining exactly how I‚Äôd grow it.

Drop your URL and I‚Äôll choose one for the next Zero to Marketing issue ",ü•≥ üëá,197,19,395,[],https://twitter.com/theandreboso/status/1437352341326508036
Andrea Bosoni,@theandreboso,2021-09-09T11:41:02.000Z,It‚Äôs always sad to see a good product not getting the success it deserves because the founder isn‚Äôt good at marketing.,It‚Äôs always sad to see a good product not getting the success it deserves because the founder isn‚Äôt good at marketing.,,25,43,240,[],https://twitter.com/theandreboso/status/1435931247822483456
Andrea Bosoni,@theandreboso,2021-09-18T11:38:30.000Z,"Founders obsess over recurring revenue but it‚Äôs an illusion.

Customers have a lifetime value and they won‚Äôt give you money forever.

Getting that amount as a one-off payment would be just as good.","Founders obsess over recurring revenue but it‚Äôs an illusion.

Customers have a lifetime value and they won‚Äôt give you money forever.

Getting that amount as a one-off payment would be just as good.",,41,24,248,[],https://twitter.com/theandreboso/status/1439192101640671232
Sakshi Shukla (she/her),@thesakshishukla,2021-08-26T07:33:52.000Z,Is there anyone else on Twitter who hasn't read Rich Dad Poor Dad? Lmao ,Is there anyone else on Twitter who hasn't read Rich Dad Poor Dad? Lmao ,ü§£,99,3,265,[],https://twitter.com/thesakshishukla/status/1430795616200794113
Sakshi Shukla (she/her),@thesakshishukla,2021-10-13T12:58:43.000Z,"Marketing 101: People don't buy products, they buy better lifestyles.","Marketing 101: People don't buy products, they buy better lifestyles.",,63,410,"2,165",[],https://twitter.com/thesakshishukla/status/1448271987168538631
Sakshi Shukla (she/her),@thesakshishukla,2021-09-29T10:33:56.000Z,"If you're in marketing, you need to be experimenting. If you never test, you'll never know.","If you're in marketing, you need to be experimenting. If you never test, you'll never know.",,72,244,"1,435",[],https://twitter.com/thesakshishukla/status/1443162119466147843
Sakshi Shukla (she/her),@thesakshishukla,2021-10-04T16:56:30.000Z,Startup idea: All social media to go down once a week so that we finally spend time with our family.,Startup idea: All social media to go down once a week so that we finally spend time with our family.,,128,202,"1,975",[],https://twitter.com/thesakshishukla/status/1445070333006909443
Sakshi Shukla (she/her),@thesakshishukla,2021-10-05T11:07:31.000Z,"Marketing is simple: Entertain everyone, sell to a few.","Marketing is simple: Entertain everyone, sell to a few.",,49,184,"1,192",[],https://twitter.com/thesakshishukla/status/1445344898392080387
Marketing Max,@MarketingMax,2021-09-24T14:10:49.000Z,"Sales = 1 to 1

Marketing = 1 to many","Sales = 1 to 1

Marketing = 1 to many",,11,25,224,[],https://twitter.com/MarketingMax/status/1441404762117660675
Andrea Bosoni,@theandreboso,2021-09-29T14:27:55.000Z,"There are 3 ways to grow a startup online:

- Word of mouth: very efficient, not very scalable
- Content: quite efficient, quite scalable
- Ads: not very efficient, very scalable

If you can make all 3 work you‚Äôll be bulletproof.","There are 3 ways to grow a startup online:

- Word of mouth: very efficient, not very scalable
- Content: quite efficient, quite scalable
- Ads: not very efficient, very scalable

If you can make all 3 work you‚Äôll be bulletproof.",,25,85,490,[],https://twitter.com/theandreboso/status/1443221003639967749
Marketing Max,@MarketingMax,2021-10-19T12:02:35.000Z,You are the Chief Marketing Officer of your own life,You are the Chief Marketing Officer of your own life,,14,49,268,[],https://twitter.com/MarketingMax/status/1450432187808026633
Andrea Bosoni,@theandreboso,2021-10-03T12:24:28.000Z,If you‚Äôre a solo founder do yourself a favor and hang a big sign on the wall to remind yourself that you‚Äôre not your startup.,If you‚Äôre a solo founder do yourself a favor and hang a big sign on the wall to remind yourself that you‚Äôre not your startup.,,22,31,426,[],https://twitter.com/theandreboso/status/1444639485749342213
Sakshi Shukla (she/her),@thesakshishukla,2021-09-23T12:55:40.000Z,What do you think is the reason there are so few women in the startup landscape?,What do you think is the reason there are so few women in the startup landscape?,,142,48,637,[],https://twitter.com/thesakshishukla/status/1441023459300052999
Andrea Bosoni,@theandreboso,2021-10-11T13:45:40.000Z,"Wrong order: build the product, design a landing page, create social media profiles.

Right order: create social media profiles, design a landing page, build the product.","Wrong order: build the product, design a landing page, create social media profiles.

Right order: create social media profiles, design a landing page, build the product.",,26,54,347,[],https://twitter.com/theandreboso/status/1447559024703123456
Sakshi Shukla (she/her),@thesakshishukla,2021-10-07T19:32:30.000Z,is anybody interested in reading physics together? ,is anybody interested in reading physics together? ,üòÖ,236,52,"1,034",[],https://twitter.com/thesakshishukla/status/1446196756207730695
Andrea Bosoni,@theandreboso,2021-10-17T12:11:52.000Z,"Every day 7.5 million blog posts are published.

90% of them won‚Äôt get a single visitor from Google.

Creating content alone isn‚Äôt a silver bullet for growth.","Every day 7.5 million blog posts are published.

90% of them won‚Äôt get a single visitor from Google.

Creating content alone isn‚Äôt a silver bullet for growth.",,23,42,357,[],https://twitter.com/theandreboso/status/1449709748257951753
Andrea Bosoni,@theandreboso,2021-10-14T11:10:44.000Z,99.9% of products don‚Äôt need a community.,99.9% of products don‚Äôt need a community.,,14,13,140,[],https://twitter.com/theandreboso/status/1448607196816756741
Andrea Bosoni,@theandreboso,2021-09-27T12:03:22.000Z,Having spoken with a lot of founders it‚Äôs clear to me that their problem with marketing comes from the fact that they jump from tactic to tactic without a clear strategy in mind.,Having spoken with a lot of founders it‚Äôs clear to me that their problem with marketing comes from the fact that they jump from tactic to tactic without a clear strategy in mind.,,31,37,343,[],https://twitter.com/theandreboso/status/1442459851297263620
Andrea Bosoni,@theandreboso,2021-10-21T10:03:23.000Z,"Founders quit too fast, 3-6 months are absolutely not enough to say that a product failed.","Founders quit too fast, 3-6 months are absolutely not enough to say that a product failed.",,35,24,231,[],https://twitter.com/theandreboso/status/1451126963649851393
Marketing Max,@MarketingMax,2021-10-14T13:25:19.000Z,"The sooner you realize every company is really just a ‚Äúmarketing company‚Äù selling a random product, the better you will be at marketing","The sooner you realize every company is really just a ‚Äúmarketing company‚Äù selling a random product, the better you will be at marketing",,9,35,223,[],https://twitter.com/MarketingMax/status/1448641068447289344
Andrea Bosoni,@theandreboso,2021-10-19T14:56:54.000Z,Learn SEO and you‚Äôll never have to worry about traffic again.,Learn SEO and you‚Äôll never have to worry about traffic again.,,25,19,241,[],https://twitter.com/theandreboso/status/1450476053491761152
Sakshi Shukla (she/her),@thesakshishukla,2021-10-14T09:57:01.000Z, Giveaway Alertttt ," Giveaway Alertttt 

8k and I'll send one of you a book of your choice !!!!! 

Comment the book you've been wanting to read 

I'll choose someone randomly! :)",üí• üí• üëá,199,16,216,[],https://twitter.com/thesakshishukla/status/1448588645691240454
Andrea Bosoni,@theandreboso,2021-10-15T10:16:11.000Z,All these tweets about spending $0 on marketing that completely forget opportunity costs.,All these tweets about spending $0 on marketing that completely forget opportunity costs.,,22,17,176,[],https://twitter.com/theandreboso/status/1448955856226332674
Sakshi Shukla (she/her),@thesakshishukla,2021-10-10T06:21:52.000Z,Quick question: What do you do when you run out of motivation?,Quick question: What do you do when you run out of motivation?,,162,18,304,[],https://twitter.com/thesakshishukla/status/1447084952986656769
Andrea Bosoni,@theandreboso,2021-10-09T15:42:48.000Z,When I tell people that I work online they either think that I‚Äôm unemployed or that I‚Äôm the next Zuckerberg there‚Äôs no middle ground ,When I tell people that I work online they either think that I‚Äôm unemployed or that I‚Äôm the next Zuckerberg there‚Äôs no middle ground ,üòÇ,20,11,184,[],https://twitter.com/theandreboso/status/1446863727299530752
Andrea Bosoni,@theandreboso,2021-09-23T10:10:07.000Z,"I helped a friend improve his Tinder profile and he‚Äôs getting a lot more matches.

Conversion rate optimization for dating apps could easily be a profitable side project ","I helped a friend improve his Tinder profile and he‚Äôs getting a lot more matches.

Conversion rate optimization for dating apps could easily be a profitable side project ",üòÇ,26,5,164,[],https://twitter.com/theandreboso/status/1440981800118009861
Andrea Bosoni,@theandreboso,2021-10-12T12:07:21.000Z,"I‚Äôm considering moving the newsletter to a monthly schedule.

I love doing case studies but I also want to start writing blog posts and threads.

I want to turn Zero to Marketing into a mini media company ","I‚Äôm considering moving the newsletter to a monthly schedule.

I love doing case studies but I also want to start writing blog posts and threads.

I want to turn Zero to Marketing into a mini media company ",üòÇ,19,5,143,[],https://twitter.com/theandreboso/status/1447896669635457030
Andrea Bosoni,@theandreboso,2021-09-26T10:19:38.000Z,Don‚Äôt believe the hype making money online is freaking hard and once you earn your first dollars you‚Äôre already in the top 1%.,Don‚Äôt believe the hype making money online is freaking hard and once you earn your first dollars you‚Äôre already in the top 1%.,,22,12,186,[],https://twitter.com/theandreboso/status/1442071357215363075
Sakshi Shukla (she/her),@thesakshishukla,2021-11-19T11:56:17.000Z,Startup idea ‚Äî Tinder but for people who don't want to eat alone in a restaurant.,Startup idea ‚Äî Tinder but for people who don't want to eat alone in a restaurant.,,168,219,"2,317",[],https://twitter.com/thesakshishukla/status/1461664624709824520
Andrea Bosoni,@theandreboso,2021-10-27T14:57:13.000Z,"Invest in content marketing from day one.

It‚Äôs almost always the best way to grow a startup.","Invest in content marketing from day one.

It‚Äôs almost always the best way to grow a startup.",,25,79,438,[],https://twitter.com/theandreboso/status/1453375235546390530
Andrea Bosoni,@theandreboso,2021-10-29T11:26:39.000Z,If you want to 10x your chance of success spend some time learning marketing before launching your startup.,If you want to 10x your chance of success spend some time learning marketing before launching your startup.,,48,75,663,[],https://twitter.com/theandreboso/status/1454047019773931521
Sakshi Shukla (she/her),@thesakshishukla,2021-11-16T05:50:00.000Z,"Startup tip: Pivot when you can, not when you have to.","Startup tip: Pivot when you can, not when you have to.",,19,31,355,[],https://twitter.com/thesakshishukla/status/1460485281241616388
Andrea Bosoni,@theandreboso,2021-11-14T15:36:05.000Z,"On the internet 90% consume, 9% engage and 1% create.

Writing just one tweet every day puts you ahead of 99%.","On the internet 90% consume, 9% engage and 1% create.

Writing just one tweet every day puts you ahead of 99%.",,46,70,584,[],https://twitter.com/theandreboso/status/1459907998256713737
Sakshi Shukla (she/her),@thesakshishukla,2021-11-11T13:57:40.000Z,100% of marketing is just being human while speaking to humans. Why is that so hard to understand?,100% of marketing is just being human while speaking to humans. Why is that so hard to understand?,,32,40,488,[],https://twitter.com/thesakshishukla/status/1458796069777645577
Andrea Bosoni,@theandreboso,2021-11-18T11:08:37.000Z,"What people think marketing is: driving more traffic.

What marketing actually is: doing customer research, positioning the product, creating content, optimizing the website, improving SEO, running a/b tests, sending email campaigns, managing social media, running paid ads.","What people think marketing is: driving more traffic.

What marketing actually is: doing customer research, positioning the product, creating content, optimizing the website, improving SEO, running a/b tests, sending email campaigns, managing social media, running paid ads.",,19,71,326,[],https://twitter.com/theandreboso/status/1461290239943745539
Marketing Max,@MarketingMax,2021-10-26T20:43:25.000Z,"You will learn more about marketing from Google than a 4 year, $200k marketing degree.","You will learn more about marketing from Google than a 4 year, $200k marketing degree.",,21,55,342,[],https://twitter.com/MarketingMax/status/1453099974221312000
Sakshi Shukla (she/her),@thesakshishukla,2021-11-13T06:54:55.000Z,Announcement ,"Announcement 

""ThePhysicsClub"" is coming to life. Everyone who is enthusiastic about the subject is welcome. 

Your field of study does not matter. Only your curiosity does.

Reply with a ""Hi"" and I'll add you.  RTs are appreciated.",üì¢ üéâ üíÉ,398,52,258,[],https://twitter.com/thesakshishukla/status/1459414455180152836
Sakshi Shukla (she/her),@thesakshishukla,2021-10-23T08:19:31.000Z,"Send that message. 
End that fight. 
Buy that book. 
Take that course.
Start that business. 
Post that picture. 
Ask that question. 
Write that poem. 
Say those 3 words. 
Leave that job. 
Kill that friendship. 

Own your life.","Send that message. 
End that fight. 
Buy that book. 
Take that course.
Start that business. 
Post that picture. 
Ask that question. 
Write that poem. 
Say those 3 words. 
Leave that job. 
Kill that friendship. 

Own your life.",,15,47,263,[],https://twitter.com/thesakshishukla/status/1451825601501810689
Andrea Bosoni,@theandreboso,2021-10-28T20:34:43.000Z,This metaverse thing is a solution looking for a problem.,This metaverse thing is a solution looking for a problem.,,26,25,206,[],https://twitter.com/theandreboso/status/1453822561310085120
Sakshi Shukla (she/her),@thesakshishukla,2021-11-14T13:45:23.000Z,Our education system applauds information retention when it should be applauding knowledge application.,Our education system applauds information retention when it should be applauding knowledge application.,,18,39,301,[],https://twitter.com/thesakshishukla/status/1459880139219619844
Andrea Bosoni,@theandreboso,2021-11-15T11:21:12.000Z,A nice side effect of working for yourself is that you love Mondays.,A nice side effect of working for yourself is that you love Mondays.,,26,17,262,[],https://twitter.com/theandreboso/status/1460206242048184321
Andrea Bosoni,@theandreboso,2021-11-01T18:04:47.000Z,You should spend on marketing at least the same time you spend working on your product.,You should spend on marketing at least the same time you spend working on your product.,,20,25,171,[],https://twitter.com/theandreboso/status/1455234379580645376
Sakshi Shukla (she/her),@thesakshishukla,2021-11-08T13:37:46.000Z,"People who used to ignore me a year ago, want me to make time for them now. 

Never underestimate anyone.","People who used to ignore me a year ago, want me to make time for them now. 

Never underestimate anyone.",,28,19,367,[],https://twitter.com/thesakshishukla/status/1457703896357359616
Andrea Bosoni,@theandreboso,2021-11-03T11:25:01.000Z,"People say they hate ads, yet they work well.

People say they hate popups, yet they work well.

Make data-driven decisions because what people say they do is very different from what they actually do.","People say they hate ads, yet they work well.

People say they hate popups, yet they work well.

Make data-driven decisions because what people say they do is very different from what they actually do.",,25,25,210,[],https://twitter.com/theandreboso/status/1455858550127874054
Andrea Bosoni,@theandreboso,2021-10-26T09:12:48.000Z,Once you‚Äôve learned SEO you‚Äôll never look at a search page the same way again.,Once you‚Äôve learned SEO you‚Äôll never look at a search page the same way again.,,19,15,186,[],https://twitter.com/theandreboso/status/1452926172187303936
Andrea Bosoni,@theandreboso,2021-10-30T12:47:32.000Z,"I asked a founder when he was going to start marketing his new product and he told me that he needed to add a feature first.

I started laughing thinking that he was trolling me but turns out he was dead serious.","I asked a founder when he was going to start marketing his new product and he told me that he needed to add a feature first.

I started laughing thinking that he was trolling me but turns out he was dead serious.",,24,11,141,[],https://twitter.com/theandreboso/status/1454429764203208710
Andrea Bosoni,@theandreboso,2021-10-31T12:32:17.000Z,One of the best ways to get better at marketing is to launch a small side project and run every sort of growth experiment on it.,One of the best ways to get better at marketing is to launch a small side project and run every sort of growth experiment on it.,,42,104,761,[],https://twitter.com/theandreboso/status/1454788314893017089
Andrea Bosoni,@theandreboso,2021-12-08T15:14:54.000Z,"I wrote more than 50 Zero to Marketing case studies.

Here are some of my favorite tips.","I wrote more than 50 Zero to Marketing case studies.

Here are some of my favorite tips.",,58,323,"1,729",[],https://twitter.com/theandreboso/status/1468599975747670022
Sakshi Shukla (she/her),@thesakshishukla,2021-12-06T11:36:09.000Z,Reading physics is the ultimate hack to becoming a better thinker.,Reading physics is the ultimate hack to becoming a better thinker.,,82,164,"1,889",[],https://twitter.com/thesakshishukla/status/1467820151143686153
Sakshi Shukla (she/her),@thesakshishukla,2021-11-30T12:11:00.000Z,100% of personal branding is just being your authentic self. And that is the most difficult part!,100% of personal branding is just being your authentic self. And that is the most difficult part!,,41,108,958,[],https://twitter.com/thesakshishukla/status/1465654592859828225
Andrea Bosoni,@theandreboso,2021-12-21T13:39:19.000Z,Beware of people who overcomplicate things to sound smarter.,Beware of people who overcomplicate things to sound smarter.,,49,102,633,[],https://twitter.com/theandreboso/status/1473286963377618946
Sakshi Shukla (she/her),@thesakshishukla,2021-11-29T11:19:08.000Z,Happpy child ,Happpy child ,ü•∫ üíï,36,6,352,['https://pbs.twimg.com/media/FFW3nPQVgAI9jmk?format=jpg&name=small'],https://twitter.com/thesakshishukla/status/1465279154367070213
Sakshi Shukla (she/her),@thesakshishukla,2021-12-18T08:07:41.000Z,Marketing is 50% emotional connection and 50% value addition. You cannot miss either.,Marketing is 50% emotional connection and 50% value addition. You cannot miss either.,,27,63,525,[],https://twitter.com/thesakshishukla/status/1472116342899687425
Andrea Bosoni,@theandreboso,2021-12-04T10:38:20.000Z,Growing a side project will teach you more about marketing than any degree.,Growing a side project will teach you more about marketing than any degree.,,49,66,542,[],https://twitter.com/theandreboso/status/1467080824235376645
Marketing Max,@MarketingMax,2021-12-02T02:22:55.000Z,"No-code is a bigger opportunity than NFTs.

Ya'll are focusing on the wrong thing","No-code is a bigger opportunity than NFTs.

Ya'll are focusing on the wrong thing",,36,30,248,[],https://twitter.com/MarketingMax/status/1466231373098733569
Andrea Bosoni,@theandreboso,2021-12-20T15:20:05.000Z,Share your failures too otherwise it‚Äôs brag in public not build in public.,Share your failures too otherwise it‚Äôs brag in public not build in public.,,35,33,281,[],https://twitter.com/theandreboso/status/1472949935574290444
Sakshi Shukla (she/her),@thesakshishukla,2021-12-11T07:26:41.000Z,so this is my IG now hahaha ,so this is my IG now hahaha ,ü•∞,39,2,314,['https://pbs.twimg.com/media/FGT1e7ZUcAE9y5j?format=jpg&name=small'],https://twitter.com/thesakshishukla/status/1469569310729277442
Sakshi Shukla (she/her),@thesakshishukla,2021-12-06T06:27:21.000Z,"10 ways to earn on the internet: 

1) Social Media Management 
2) Designing No-Code Websites 
3) Proofreading Content 
4) Selling Digital Products 
5) Managing Operations 
6) Virtual Assistance 
7) Graphic Designing 
8) Brand Sponsorships
9) Content Creation 
10) Selling Courses","10 ways to earn on the internet: 

1) Social Media Management 
2) Designing No-Code Websites 
3) Proofreading Content 
4) Selling Digital Products 
5) Managing Operations 
6) Virtual Assistance 
7) Graphic Designing 
8) Brand Sponsorships
9) Content Creation 
10) Selling Courses",,25,52,270,[],https://twitter.com/thesakshishukla/status/1467742438290640896
Sakshi Shukla (she/her),@thesakshishukla,2021-11-24T06:54:18.000Z,A little gift for me from meee :) ,A little gift for me from meee :) ,ü•∞ ‚ö°,53,5,360,['https://pbs.twimg.com/media/FE8LDb4VEAEPw5Y?format=jpg&name=small'],https://twitter.com/thesakshishukla/status/1463400567653371914
Andrea Bosoni,@theandreboso,2021-12-06T11:07:48.000Z,80% of your growth will come from 20% of your content but you don‚Äôt know which one and the best way to find out is to consistently create a lot of it.,80% of your growth will come from 20% of your content but you don‚Äôt know which one and the best way to find out is to consistently create a lot of it.,,15,24,230,[],https://twitter.com/theandreboso/status/1467813015697379340
Andrea Bosoni,@theandreboso,2021-12-12T15:02:58.000Z,"I‚Äôve been writing one tweet every day for the last 6 months.

In the meantime I‚Äôve seen people start with a lot of enthusiasm and quit shortly after.

Creating content is easy but creating it consistently is really hard.","I‚Äôve been writing one tweet every day for the last 6 months.

In the meantime I‚Äôve seen people start with a lot of enthusiasm and quit shortly after.

Creating content is easy but creating it consistently is really hard.",,55,24,405,[],https://twitter.com/theandreboso/status/1470046523744473097
Marketing Max,@MarketingMax,2021-12-21T19:31:23.000Z,Life update: I sold my agency ,Life update: I sold my agency ,üôÉ,27,5,156,['https://pbs.twimg.com/media/FHJ7RLjVIAYkyzr?format=jpg&name=small'],https://twitter.com/MarketingMax/status/1473375566497681411
Andrea Bosoni,@theandreboso,2021-12-09T11:31:18.000Z,It‚Äôs almost 2022 and when I tell people that I work online I still get that when will you find a real job look.,It‚Äôs almost 2022 and when I tell people that I work online I still get that when will you find a real job look.,,21,18,180,[],https://twitter.com/theandreboso/status/1468906094537973761
Andrea Bosoni,@theandreboso,2021-11-29T11:05:42.000Z,"They can copy your product but they can‚Äôt copy your distribution.

Being good at marketing is the ultimate moat.","They can copy your product but they can‚Äôt copy your distribution.

Being good at marketing is the ultimate moat.",,7,22,186,[],https://twitter.com/theandreboso/status/1465275771266777092
Andrea Bosoni,@theandreboso,2021-12-15T19:36:11.000Z,"If you think marketing doesn't work take a look at all the products around you and ask yourself why you bought them.

Chances are you've been marketed to and you didn't even notice.","If you think marketing doesn't work take a look at all the products around you and ask yourself why you bought them.

Chances are you've been marketed to and you didn't even notice.",,26,46,213,[],https://twitter.com/theandreboso/status/1471202444629753859
Sakshi Shukla (she/her),@thesakshishukla,2021-12-07T09:25:11.000Z,11k giveaway is hereeeee ,"11k giveaway is hereeeee 

Comment a book that‚Äôs on your WishList and let me be your not-so-secret Santa 

Will be choosing 2 winners :) 

All the best everyone!",ü•≥ üéÖ,312,5,379,[],https://twitter.com/thesakshishukla/status/1468149578234949634
Andrea Bosoni,@theandreboso,2021-12-14T11:44:24.000Z,I just doubled my email list growth rate by pinning a tweet with a lot of social proof and a link to my product.,I just doubled my email list growth rate by pinning a tweet with a lot of social proof and a link to my product.,,22,5,163,[],https://twitter.com/theandreboso/status/1470721331784261637
Andrea Bosoni,@theandreboso,2021-11-26T13:13:37.000Z,"I just had to click on ‚Äúno, I don‚Äôt want to be healthy‚Äù to close a full screen popup.","I just had to click on ‚Äúno, I don‚Äôt want to be healthy‚Äù to close a full screen popup.",,28,12,199,[],https://twitter.com/theandreboso/status/1464220801448747034
Andrea Bosoni,@theandreboso,2021-12-18T10:11:16.000Z,Someone signed up to Zero to Marketing almost 2 years ago and just confirmed their email... move fast and break things ,Someone signed up to Zero to Marketing almost 2 years ago and just confirmed their email... move fast and break things ,üòÇ,25,1,144,[],https://twitter.com/theandreboso/status/1472147442783166464
Andrea Bosoni,@theandreboso,2022-01-10T11:04:57.000Z,"Minimum viable marketing for solo founders:

- 1 social media/day
- 1 blog/week
- 1 newsletter/month

Consistency is the key.","Minimum viable marketing for solo founders:

- 1 social media/day
- 1 blog/week
- 1 newsletter/month

Consistency is the key.",,46,186,"1,390",[],https://twitter.com/theandreboso/status/1480495875520667648
Andrea Bosoni,@theandreboso,2022-01-17T11:53:28.000Z,It‚Äôs 2022 but the best way to grow a startup is still good old content marketing and SEO.,It‚Äôs 2022 but the best way to grow a startup is still good old content marketing and SEO.,,48,125,822,[],https://twitter.com/theandreboso/status/1483044798298836994
Sakshi Shukla (she/her),@thesakshishukla,2022-01-03T03:30:04.000Z,"My 1-year statistics:

- 25k followers on LinkedIn in 12 mo
- 12.8k followers on Twitter in 8 mo
- 20+ clients across the world
- A sustainable freelancing business 

Here's what I've learned about growing on social media:","My 1-year statistics:

- 25k followers on LinkedIn in 12 mo
- 12.8k followers on Twitter in 8 mo
- 20+ clients across the world
- A sustainable freelancing business 

Here's what I've learned about growing on social media:",,25,36,249,['https://pbs.twimg.com/media/FIJb6HPVkAIwNhs?format=jpg&name=small'],https://twitter.com/thesakshishukla/status/1477844683782901761
Andrea Bosoni,@theandreboso,2021-12-24T18:17:52.000Z,Good luck to everyone who will have to explain their family what they do for a living.,Good luck to everyone who will have to explain their family what they do for a living.,,26,43,316,[],https://twitter.com/theandreboso/status/1474444228411412489
Andrea Bosoni,@theandreboso,2021-12-30T16:46:03.000Z,"Twitter can be great blah blah blah.

Here are best accounts blah blah blah.

Thread 1, 2, 3, 1000 please follow me.","Twitter can be great blah blah blah.

Here are best accounts blah blah blah.

Thread 1, 2, 3, 1000 please follow me.",,52,29,494,[],https://twitter.com/theandreboso/status/1476595450874585089
Andrea Bosoni,@theandreboso,2022-01-06T12:43:24.000Z,"The best way to reach an ambitious marketing goal is to break it into small habits.

I will build an audience ","The best way to reach an ambitious marketing goal is to break it into small habits.

I will build an audience 

I will write one tweet and five replies every day ",üëé üëç,44,30,258,[],https://twitter.com/theandreboso/status/1479071098872414211
Sakshi Shukla (she/her),@thesakshishukla,2022-01-16T13:16:39.000Z,"Reading books doesn‚Äôt sort your life out. Life isn‚Äôt meant to be all figured out at 20 or 25 or 30. 

Life is an act of being, becoming, figuring, transforming, re-figuring. 

Anyone who sells you ‚Äúa sorted out life‚Äù is fooling you and themselves. 

Find pleasure in the figuring.","Reading books doesn‚Äôt sort your life out. Life isn‚Äôt meant to be all figured out at 20 or 25 or 30. 

Life is an act of being, becoming, figuring, transforming, re-figuring. 

Anyone who sells you ‚Äúa sorted out life‚Äù is fooling you and themselves. 

Find pleasure in the figuring.",,18,86,510,[],https://twitter.com/thesakshishukla/status/1482703345391337480
Sakshi Shukla (she/her),@thesakshishukla,2022-01-05T06:11:58.000Z,"I am a one-woman army. 

I manage my business all by myself - from marketing myself to managing my team and finances to ensuring my creativity is on point even on days when I run out of it. 

It is pure hardwork & commitment to the craft. 

Freelancing is entrepreneurship.","I am a one-woman army. 

I manage my business all by myself - from marketing myself to managing my team and finances to ensuring my creativity is on point even on days when I run out of it. 

It is pure hardwork & commitment to the craft. 

Freelancing is entrepreneurship.",,47,35,600,[],https://twitter.com/thesakshishukla/status/1478610205315239938
Sakshi Shukla (she/her),@thesakshishukla,2022-01-13T13:30:00.000Z,"One Space can change the trajectory of your creator career. 

I am not exaggerating. It happened with me & countless other people.  

Tune in tomorrow night to learn from ","One Space can change the trajectory of your creator career. 

I am not exaggerating. It happened with me & countless other people.  

Tune in tomorrow night to learn from 
@join2manish
, 
@thefaadguy
, 
@VedikaBhaia
, 
@dkpareek21
 and 
@NehaKPuri_
  

Reminder: https://twitter.com/i/spaces/1yNGaYwobMvGj‚Ä¶",ü§ò,15,27,501,['https://pbs.twimg.com/media/FI9sTh7aAAcMIKP?format=jpg&name=small'],https://twitter.com/thesakshishukla/status/1481619540324716547
Andrea Bosoni,@theandreboso,2022-01-15T11:48:41.000Z,The harder people try to grow their followers the less interesting they usually become.,The harder people try to grow their followers the less interesting they usually become.,,36,12,258,[],https://twitter.com/theandreboso/status/1482318821427924992
Sakshi Shukla (she/her),@thesakshishukla,2022-01-08T03:30:54.000Z,"Jeff Bezos once said, ""Don't satisfy your customers, figure out how to absolutely delight them. That is the number one thing no matter who your customers are.""

2 lessons: 

As a freelancer you need to make your client's life easier. As a writer you need to delight your readers.","Jeff Bezos once said, ""Don't satisfy your customers, figure out how to absolutely delight them. That is the number one thing no matter who your customers are.""

2 lessons: 

As a freelancer you need to make your client's life easier. As a writer you need to delight your readers.",,10,30,382,[],https://twitter.com/thesakshishukla/status/1479656833673531392
Andrea Bosoni,@theandreboso,2022-01-19T11:11:42.000Z,If you‚Äôre a solo founder the good news is that you don't need to beat your competitors to succeed but just capture a really small slice of the market.,If you‚Äôre a solo founder the good news is that you don't need to beat your competitors to succeed but just capture a really small slice of the market.,,26,21,191,[],https://twitter.com/theandreboso/status/1483759066002432003
Sakshi Shukla (she/her),@thesakshishukla,2022-01-11T05:30:00.000Z,"The OGs are coming together to give you the most real insights into the world's fastest-growing industry - Content Creation. 

Friday, 14th January I'm hosting ","The OGs are coming together to give you the most real insights into the world's fastest-growing industry - Content Creation. 

Friday, 14th January I'm hosting 
@join2manish
, 
@thefaadguy
, 
@VedikaBhaia
, 
@NehaKPuri_
 and 
@dkpareek21
 

Set your reminder: https://twitter.com/i/spaces/1yNGaYwobMvGj‚Ä¶",ü•Ç,27,28,693,['https://pbs.twimg.com/media/FIv2ETHVUAI8Z-R?format=jpg&name=small'],https://twitter.com/thesakshishukla/status/1480773968491544576
Sakshi Shukla (she/her),@thesakshishukla,2022-01-07T08:55:18.000Z,I can legit fund my postgrad studies by myself. I‚Äôve tears in my eyes rn.,I can legit fund my postgrad studies by myself. I‚Äôve tears in my eyes rn.,,52,12,687,[],https://twitter.com/thesakshishukla/status/1479376081895374850
Sakshi Shukla (she/her),@thesakshishukla,2022-01-13T03:30:29.000Z,"Freelancing tip: Don‚Äôt give up.

I let go of 2 clients in Nov 2020 because of my dad‚Äôs health.

In Jan 2021 I had zero clients.
In Feb 2021 I found 1 client that I pitched myself to.
In April 2021 I had 2 clients.

In August 2021 I had 5 high-paying clients.

Keep at it.","Freelancing tip: Don‚Äôt give up.

I let go of 2 clients in Nov 2020 because of my dad‚Äôs health.

In Jan 2021 I had zero clients.
In Feb 2021 I found 1 client that I pitched myself to.
In April 2021 I had 2 clients.

In August 2021 I had 5 high-paying clients.

Keep at it.",,17,13,374,[],https://twitter.com/thesakshishukla/status/1481468670056538117
Andrea Bosoni,@theandreboso,2022-01-16T12:56:23.000Z,I love marketing but if I‚Äôm being honest the real reason why I started working for myself was because I wanted to set my own hours and hated having a boss ,I love marketing but if I‚Äôm being honest the real reason why I started working for myself was because I wanted to set my own hours and hated having a boss ,ü§´,29,14,206,[],https://twitter.com/theandreboso/status/1482698245000335363
Sakshi Shukla (she/her),@thesakshishukla,2021-12-23T08:49:51.000Z,"i rarely feel peaceful but sometimes i look at my pictures and they remind me of how far i‚Äôve come .. how many storms i‚Äôve crushed 

i‚Äôll swim every ocean, i‚Äôll climb every mountain to become who i wish to be. because life is nothing if not an adventure ..","i rarely feel peaceful but sometimes i look at my pictures and they remind me of how far i‚Äôve come .. how many storms i‚Äôve crushed 

i‚Äôll swim every ocean, i‚Äôll climb every mountain to become who i wish to be. because life is nothing if not an adventure ..",,37,3,287,['https://pbs.twimg.com/media/FHR7l5XVIAE3PZK?format=jpg&name=900x900'],https://twitter.com/thesakshishukla/status/1473938893053456384
Sakshi Shukla (she/her),@thesakshishukla,2021-12-27T07:01:46.000Z,"A year ago, I was thinking of taking a pause on freelancing because I felt like it wasn‚Äôt my cup of tea.

Within 8 months my monthly revenue crossed 6-figures. 

It doesn‚Äôt get easier, you get better. Believe in your potential.","A year ago, I was thinking of taking a pause on freelancing because I felt like it wasn‚Äôt my cup of tea.

Within 8 months my monthly revenue crossed 6-figures. 

It doesn‚Äôt get easier, you get better. Believe in your potential.",,38,13,341,[],https://twitter.com/thesakshishukla/status/1475361247692406789
Andrea Bosoni,@theandreboso,2022-01-20T11:05:30.000Z,2 years ago I had an idea ,"2 years ago I had an idea 

This small side project made me realize that I like being a creator.

It‚Äôs time to double down!",üôÇ,25,4,202,['https://pbs.twimg.com/media/FJinLLwXoAA8KJQ?format=jpg&name=900x900'],https://twitter.com/theandreboso/status/1484119892403970050
Andrea Bosoni,@theandreboso,2022-01-11T11:24:25.000Z,I must be really lucky because I‚Äôve never had any haters except for the guy who keeps signing up to my newsletter with a yousuck at gmail dot com address ,I must be really lucky because I‚Äôve never had any haters except for the guy who keeps signing up to my newsletter with a yousuck at gmail dot com address ,üòÇ,28,1,140,[],https://twitter.com/theandreboso/status/1480863163537137668
